Workbook

Sheet 00 Strategy
A1: CortiFree UGC: internal plan (never share)
A2: Target & promise
A3: Women 22–50 with the budget for a ~€60/yr app. Main promise: stress less / lower cortisol. Sub-promises = the 8 angles (cortisol face & belly, therapist + iPhone test, ChatGPT → Milo, mental load, 3am brain, big moments / speaking up, high-functioning anxiety, 66-day proof).
A4: Content Rewards settings
A5: • Face-to-camera only. Rate $1.00 CPM at launch → $1.50 if not enough volume after 1 week.
A6: • Minimum 5,000 views to be paid. Cap $300 / video at the start.
A7: • Top-countries screenshot required > 100k views; refuse if < 50% US/UK/CA/AU.
A8: • Approval checks: app shown in action, #ad, no health/body result claims, no fake credentials.
A9: How to read the results
A10: Score by ANGLE first (tab 03), then by script. After 2 weeks: double the rate or pin the 2 best angles in the campaign, drop the 2 worst.
A11: Guess to validate: C (ChatGPT) and B (therapist + iPhone) are the most original = biggest viral upside; A (cortisol face) rides the trend = easiest views; D (mental load) and G (high-functioning anxiety) should convert best on 28–50 women.
A12: Before launch
... A15: Record R01–R14 (Creator Kit tab 07) in English on a clean account.

Sheet 01 Submissions
A1: Date | B1: Creator handle | C1: Platform | D1: Video URL | E1: Script ID | F1: Angle | G1: Hook # | H1: Shows app? (Y/N) | I1: #ad? (Y/N) | J1: Claims OK? (Y/N) | K1: Status | L1: Views | M1: Top-country % | N1: CPM ($) | O1: Cap ($) | P1: Payout ($) | Q1: Paid? | R1: Spark Ad? | S1: Notes
F2: =IFERROR(VLOOKUP(LEFT(E2,1),'03 Angle scoreboard'!A:B,2,FALSE),"") | N2: 1 | O2: 300 | P2: =IF(AND(K2="Approved",L2>=5000),MIN(O2,L2/1000*N2),0)
F3: =IFERROR(VLOOKUP(LEFT(E3,1),'03 Angle scoreboard'!A:B,2,FALSE),"") | N3: 1 | O3: 300 | P3: =IF(AND(K3="Approved",L3>=5000),MIN(O3,L3/1000*N3),0)
F4: =IFERROR(VLOOKUP(LEFT(E4,1),'03 Angle scoreboard'!A:B,2,FALSE),"") | N4: 1 | O4: 300 | P4: =IF(AND(K4="Approved",L4>=5000),MIN(O4,L4/1000*N4),0)
F5: =IFERROR(VLOOKUP(LEFT(E5,1),'03 Angle scoreboard'!A:B,2,FALSE),"") | N5: 1 | O5: 300 | P5: =IF(AND(K5="Approved",L5>=5000),MIN(O5,L5/1000*N5),0)
F6: =IFERROR(VLOOKUP(LEFT(E6,1),'03 Angle scoreboard'!A:B,2,FALSE),"") | N6: 1 | O6: 300 | P6: =IF(AND(K6="Approved",L6>=5000),MIN(O6,L6/1000*N6),0)
F7: =IFERROR(VLOOKUP(LEFT(E7,1),'03 Angle scoreboard'!A:B,2,FALSE),"") | N7: 1 | O7: 300 | P7: =IF(AND(K7="Approved",L7>=5000),MIN(O7,L7/1000*N7),0)
F8: =IFERROR(VLOOKUP(LEFT(E8,1),'03 Angle scoreboard'!A:B,2,FALSE),"") | N8: 1 | O8: 300 | P8: =IF(AND(K8="Approved",L8>=5000),MIN(O8,L8/1000*N8),0)
F9: =IFERROR(VLOOKUP(LEFT(E9,1),'03 Angle scoreboard'!A:B,2,FALSE),"") | N9: 1 | O9: 300 | P9: =IF(AND(K9="Approved",L9>=5000),MIN(O9,L9/1000*N9),0)
F10: =IFERROR(VLOOKUP(LEFT(E10,1),'03 Angle scoreboard'!A:B,2,FALSE),"") | N10: 1 | O10: 300 | P10: =IF(AND(K10="Approved",L10>=5000),MIN(O10,L10/1000*N10),0)
F11: =IFERROR(VLOOKUP(LEFT(E11,1),'03 Angle scoreboard'!A:B,2,FALSE),"") | N11: 1 | O11: 300 | P11: =IF(AND(K11="Approved",L11>=5000),MIN(O11,L11/1000*N11),0)
F12: =IFERROR(VLOOKUP(LEFT(E12,1),'03 Angle scoreboard'!A:B,2,FALSE),"") | N12: 1 | O12: 300 | P12: =IF(AND(K12="Approved",L12>=5000),MIN(O12,L12/1000*N12),0)
F13: =IFERROR(VLOOKUP(LEFT(E13,1),'03 Angle scoreboard'!A:B,2,FALSE),"") | N13: 1 | O13: 300 | P13: =IF(AND(K13="Approved",L13>=5000),MIN(O13,L13/1000*N13),0)
... F500: =IFERROR(VLOOKUP(LEFT(E500,1),'03 Angle scoreboard'!A:B,2,FALSE),"") | N500: 1 | O500: 300 | P500: =IF(AND(K500="Approved",L500>=5000),MIN(O500,L500/1000*N500),0)

Sheet 02 Script scoreboard
A1: Script ID | B1: # videos | C1: Total views | D1: Payout ($) | E1: Avg views / video | F1: Verdict
A2: A1 | B2: =COUNTIF('01 Submissions'!E:E,A2) | C2: =SUMIF('01 Submissions'!E:E,A2,'01 Submissions'!L:L) | D2: =SUMIF('01 Submissions'!E:E,A2,'01 Submissions'!P:P) | E2: =IF(B2>0,C2/B2,"")
A3: A2 | B3: =COUNTIF('01 Submissions'!E:E,A3) | C3: =SUMIF('01 Submissions'!E:E,A3,'01 Submissions'!L:L) | D3: =SUMIF('01 Submissions'!E:E,A3,'01 Submissions'!P:P) | E3: =IF(B3>0,C3/B3,"")
A4: A3 | B4: =COUNTIF('01 Submissions'!E:E,A4) | C4: =SUMIF('01 Submissions'!E:E,A4,'01 Submissions'!L:L) | D4: =SUMIF('01 Submissions'!E:E,A4,'01 Submissions'!P:P) | E4: =IF(B4>0,C4/B4,"")
A5: A4 | B5: =COUNTIF('01 Submissions'!E:E,A5) | C5: =SUMIF('01 Submissions'!E:E,A5,'01 Submissions'!L:L) | D5: =SUMIF('01 Submissions'!E:E,A5,'01 Submissions'!P:P) | E5: =IF(B5>0,C5/B5,"")
A6: A5 | B6: =COUNTIF('01 Submissions'!E:E,A6) | C6: =SUMIF('01 Submissions'!E:E,A6,'01 Submissions'!L:L) | D6: =SUMIF('01 Submissions'!E:E,A6,'01 Submissions'!P:P) | E6: =IF(B6>0,C6/B6,"")
A7: B1 | B7: =COUNTIF('01 Submissions'!E:E,A7) | C7: =SUMIF('01 Submissions'!E:E,A7,'01 Submissions'!L:L) | D7: =SUMIF('01 Submissions'!E:E,A7,'01 Submissions'!P:P) | E7: =IF(B7>0,C7/B7,"")
A8: B2 | B8: =COUNTIF('01 Submissions'!E:E,A8) | C8: =SUMIF('01 Submissions'!E:E,A8,'01 Submissions'!L:L) | D8: =SUMIF('01 Submissions'!E:E,A8,'01 Submissions'!P:P) | E8: =IF(B8>0,C8/B8,"")
A9: B3 | B9: =COUNTIF('01 Submissions'!E:E,A9) | C9: =SUMIF('01 Submissions'!E:E,A9,'01 Submissions'!L:L) | D9: =SUMIF('01 Submissions'!E:E,A9,'01 Submissions'!P:P) | E9: =IF(B9>0,C9/B9,"")
A10: B4 | B10: =COUNTIF('01 Submissions'!E:E,A10) | C10: =SUMIF('01 Submissions'!E:E,A10,'01 Submissions'!L:L) | D10: =SUMIF('01 Submissions'!E:E,A10,'01 Submissions'!P:P) | E10: =IF(B10>0,C10/B10,"")
A11: B5 | B11: =COUNTIF('01 Submissions'!E:E,A11) | C11: =SUMIF('01 Submissions'!E:E,A11,'01 Submissions'!L:L) | D11: =SUMIF('01 Submissions'!E:E,A11,'01 Submissions'!P:P) | E11: =IF(B11>0,C11/B11,"")
A12: C1 | B12: =COUNTIF('01 Submissions'!E:E,A12) | C12: =SUMIF('01 Submissions'!E:E,A12,'01 Submissions'!L:L) | D12: =SUMIF('01 Submissions'!E:E,A12,'01 Submissions'!P:P) | E12: =IF(B12>0,C12/B12,"")
A13: C2 | B13: =COUNTIF('01 Submissions'!E:E,A13) | C13: =SUMIF('01 Submissions'!E:E,A13,'01 Submissions'!L:L) | D13: =SUMIF('01 Submissions'!E:E,A13,'01 Submissions'!P:P) | E13: =IF(B13>0,C13/B13,"")
... A41: H5 | B41: =COUNTIF('01 Submissions'!E:E,A41) | C41: =SUMIF('01 Submissions'!E:E,A41,'01 Submissions'!L:L) | D41: =SUMIF('01 Submissions'!E:E,A41,'01 Submissions'!P:P) | E41: =IF(B41>0,C41/B41,"")

Sheet 03 Angle scoreboard
A1: Letter | B1: Angle | C1: # videos | D1: Total views | E1: Payout ($) | F1: Avg views / video | G1: Installs (from App Store / Amplitude) | H1: Verdict
A2: A | B2: Cortisol face & belly | C2: =COUNTIF('01 Submissions'!E:E,A2&"*") | D2: =SUMIF('01 Submissions'!E:E,A2&"*",'01 Submissions'!L:L) | E2: =SUMIF('01 Submissions'!E:E,A2&"*",'01 Submissions'!P:P) | F2: =IF(C2>0,D2/C2,"")
A3: B | B3: My therapist showed me | C3: =COUNTIF('01 Submissions'!E:E,A3&"*") | D3: =SUMIF('01 Submissions'!E:E,A3&"*",'01 Submissions'!L:L) | E3: =SUMIF('01 Submissions'!E:E,A3&"*",'01 Submissions'!P:P) | F3: =IF(C3>0,D3/C3,"")
A4: C | B4: ChatGPT knows me too well | C4: =COUNTIF('01 Submissions'!E:E,A4&"*") | D4: =SUMIF('01 Submissions'!E:E,A4&"*",'01 Submissions'!L:L) | E4: =SUMIF('01 Submissions'!E:E,A4&"*",'01 Submissions'!P:P) | F4: =IF(C4>0,D4/C4,"")
A5: D | B5: The one who carries everything | C5: =COUNTIF('01 Submissions'!E:E,A5&"*") | D5: =SUMIF('01 Submissions'!E:E,A5&"*",'01 Submissions'!L:L) | E5: =SUMIF('01 Submissions'!E:E,A5&"*",'01 Submissions'!P:P) | F5: =IF(C5>0,D5/C5,"")
A6: E | B6: 3am brain | C6: =COUNTIF('01 Submissions'!E:E,A6&"*") | D6: =SUMIF('01 Submissions'!E:E,A6&"*",'01 Submissions'!L:L) | E6: =SUMIF('01 Submissions'!E:E,A6&"*",'01 Submissions'!P:P) | F6: =IF(C6>0,D6/C6,"")
A7: F | B7: The big moments | C7: =COUNTIF('01 Submissions'!E:E,A7&"*") | D7: =SUMIF('01 Submissions'!E:E,A7&"*",'01 Submissions'!L:L) | E7: =SUMIF('01 Submissions'!E:E,A7&"*",'01 Submissions'!P:P) | F7: =IF(C7>0,D7/C7,"")
A8: G | B8: High-functioning anxiety | C8: =COUNTIF('01 Submissions'!E:E,A8&"*") | D8: =SUMIF('01 Submissions'!E:E,A8&"*",'01 Submissions'!L:L) | E8: =SUMIF('01 Submissions'!E:E,A8&"*",'01 Submissions'!P:P) | F8: =IF(C8>0,D8/C8,"")
A9: H | B9: 66 days, documented | C9: =COUNTIF('01 Submissions'!E:E,A9&"*") | D9: =SUMIF('01 Submissions'!E:E,A9&"*",'01 Submissions'!L:L) | E9: =SUMIF('01 Submissions'!E:E,A9&"*",'01 Submissions'!P:P) | F9: =IF(C9>0,D9/C9,"")

Sheet 04 Budget
A1: Item | B1: Value | C1: Note
A2: Campaign budget ($) | B2: 2500 | C2: Test budget
A3: CPM ($) | B3: 1 | C3: Rate per 1,000 views
A4: Views bought by the budget | B4: =B2/B3*1000
A5: Installs per 1,000 views (estimate) | B5: 1.5 | C5: Measure it: start with 1–3 / 1,000
A6: Expected installs | B6: =B4/1000*B5
A7: Cost per install ($) | B7: =IF(B6>0,B2/B6,"") | C7: Compare with paid acquisition
A8: Install → trial rate | B8: 0.15 | C8: From your Amplitude funnel
A9: Cost per trial ($) | B9: =IF(B6*B8>0,B2/(B6*B8),"")

Sheet 05 Drive structure
A1: Folder | B1: Content | C1: Access
A2: 📁 CortiFree Creators/ (link in the campaign) | B2: Root | C2: Anyone with the link: viewer
A3: 📄 Creator Kit (Google Sheet) | B3: The public kit, imported into Sheets | C3: Viewer
A4: 📁 01_App_Recordings | B4: R01–R14 in 9:16, English UI, no text/music | C4: Viewer
A5: 📁 02_Screenshots | B5: Quiz result, plan, Milo answers, import result, Health questionnaire | C5: Viewer
A6: 📁 03_Brand | B6: Logo, Milo avatar PNG, app icon, App Store link | C6: Viewer
A7: 📁 04_Examples | B7: 1 example per angle (A–H), filmed by you or the first creators | C7: Viewer
A8: 📁 05_Winners | B8: Top videos of the week, every Monday | C8: Viewer
A9: 📁 Ops (private) | B9: This file, Spark Ad codes, payout exports | C9: You only
